<?xml version="1.0" encoding="UTF-8" standalone="yes"?>
<addon id="plugin.video.321Build" name="321 Wizard" version="1.0.1" provider-name="321Builds">
  <requires>
    <import addon="xbmc.python" version="2.1.0"/>
  </requires>
  <extension point="xbmc.python.pluginsource" library="default.py">
        <provides>video executable</provides>
  </extension>
  <extension point="xbmc.addon.metadata">
		<summary lang="en">321 Wizard</summary>
		<description lang="en">In this wizard you will find the latest 321 build. These builds are ideal for FireSticks!</description>
		<disclaimer lang="en">Quick. Beautiful. Everything you need.</disclaimer>
		<forum>http://321build.weebly.com/</forum>
		<source>http://321build.weebly.com/</source>
		<website>http://321build.weebly.com/</website>
		<platform>all</platform>
	</extension>
</addon>
